Name,Address,Pic
Planet Fitness,"1890 Ximeno Ave, Long Beach, CA 90815",C:\Case studies\tAxI\Pics\Planet fitness\pf1.jpg
Planet Fitness,"345 Pine Ave, Long Beach, CA 90802",C:\Case studies\tAxI\Pics\Planet fitness\pf2.jpg
Planet Fitness,"5400 Cherry Ave, Long Beach, CA 90805",C:\Case studies\tAxI\Pics\Planet fitness\pf3.jpg
Planet Fitness,"21101 Norwalk Blvd, Hawaiian Gardens, CA 90716",C:\Case studies\tAxI\Pics\Planet fitness\pf4.jpg
Planet Fitness,"9055 Artesia Blvd, Bellflower, CA 90706",C:\Case studies\tAxI\Pics\Planet fitness\pf5.jpg
