Name,Address,Pic
Planet Fitness,"1890 Ximeno Ave, Long Beach, CA 90815","/Users/pritichaudhari/Desktop/taxi\ app/pf1.jpg 
"
Planet Fitness,"345 Pine Ave, Long Beach, CA 90802",/Users/pritichaudhari/Desktop/taxi\ app/pf3.jpg 
Planet Fitness,"5400 Cherry Ave, Long Beach, CA 90805",/Users/pritichaudhari/Desktop/taxi\ app/pf3.jpg 
Planet Fitness,"21101 Norwalk Blvd, Hawaiian Gardens, CA 90716",/Users/pritichaudhari/Desktop/taxi\ app/pf4.jpg 
Planet Fitness,"9055 Artesia Blvd, Bellflower, CA 90706",/Users/pritichaudhari/Desktop/taxi\ app/pf5.jpg 